Keyword,Source,Seed
instagram 注册 方法,Google,Instagram 注册
instagram 注册 方式,Google,Instagram 注册
instagram 注册 流程,Google,Instagram 注册
instagram 注册 注意 事项,Google,Instagram 注册
instagram 注册 账号,Google,Instagram 注册
instagram注册,Bing,Instagram 注册
instagram注册,Google,Instagram 注册
instagram注册不了,Bing,Instagram 注册
instagram注册不了,Google,Instagram 注册
instagram注册教程,Bing,Instagram 注册
instagram注册教程,Google,Instagram 注册
instagram注册就被封,Bing,Instagram 注册
instagram注册就被封,Google,Instagram 注册
instagram注册收不到验证码,Bing,Instagram 注册
instagram注册收不到验证码,Google,Instagram 注册
instagram注册没反应,Bing,Instagram 注册
instagram注册没反应,Google,Instagram 注册
instagram注册失败,Bing,Instagram 注册
instagram注册失败,Google,Instagram 注册
instagram 注册点继续没反应,Bing,Instagram 注册
instagram注册手机号收不到验证码,Bing,Instagram 注册
instagram 注册协议,Bing,Instagram 注册
instagram注册不了邮箱,Bing,Instagram 注册
instagram注册不了怎么办,Bing,Instagram 注册
instagram 注册 出错,Google,Instagram 注册
instagram注册出错,Bing,Instagram 注册
instagram注册邮箱验证,Bing,Instagram 注册
instagram注册不了解决方法,Bing,Instagram 注册
instagram 注册 手机 号,Google,Instagram 注册
instagram 注册 账户,Google,Instagram 注册
instagram注册官网入口,Bing,Instagram 注册
instagram注册国内版,Bing,Instagram 注册
instagram注册公司账号,Bing,Instagram 注册
instagram注册无法完成,Google,Instagram 注册
instagram 注册,Google,Instagram 注册
instagram 注册 没 反应,Google,Instagram 注册
instagram 网页 版 注册,Google,Instagram 注册
instagram 点击 注册 没 反应,Google,Instagram 注册
instagram注册报错,Bing,Instagram 注册
instagram注册不了提示错误,Bing,Instagram 注册
instagram注册不上,Bing,Instagram 注册
instagram注册不了账号,Bing,Instagram 注册
instagram注册不了原因,Bing,Instagram 注册
instagram注册不了国内,Bing,Instagram 注册
instagram注册不了vpn,Bing,Instagram 注册
instagram注册不了手机号,Bing,Instagram 注册
instagram注册卡在姓名,Bing,Instagram 注册
instagram注册卡在姓名,Google,Instagram 注册
instagram 注册 就 被 封,Google,Instagram 注册
instagram注册手机号,Google,Instagram 注册
instagram 注册 两 个 帐号,Google,Instagram 注册
instagram 注册新帐号,Google,Instagram 注册
instagram注册流程,Bing,Instagram 注册
instagram注册流程,Google,Instagram 注册
instagram注册账号,Google,Instagram 注册
instagram注册姓名,Google,Instagram 注册
instagram注册请稍后重试,Bing,Instagram 注册
instagram注册请稍后重试,Google,Instagram 注册
instagram 代注册,Google,Instagram 注册
instagram 注册 页面 打 不 开,Google,Instagram 注册
大陆 注册 instagram,Google,Instagram 注册
大陆怎么注册instagram,Google,Instagram 注册
instagram注册的全名是什么,Bing,Instagram 注册
instagram注册点下一步没反应,Bing,Instagram 注册
instagram注册点不动,Bing,Instagram 注册
instagram 注册 需要 照片,Google,Instagram 注册
instagram 注册 不了,Google,Instagram 注册
instagram 注册 封号,Google,Instagram 注册
instagram注册被封,Google,Instagram 注册
instagram 注册 不了 怎么 办,Google,Instagram 注册
instagram 注册 不 成功,Google,Instagram 注册
instagram 注册方式,Google,Instagram 注册
instagram 刚 注册 就 被 封,Google,Instagram 注册
instagram 注册 收 不 到 验证 码,Google,Instagram 注册
instagram 注册 账号 填 什么,Google,Instagram 注册
instagram 不能 注册,Google,Instagram 注册
instagram 刚 注册 就 被 停 用,Google,Instagram 注册
为什么 instagram 注册 不了,Google,Instagram 注册
facebook 注册 instagram,Google,Instagram 注册
instagram 注册 教程,Google,Instagram 注册
instagram 注册 脚本,Google,Instagram 注册
instagram 注册 限制,Google,Instagram 注册
instagram 国内 注册,Google,Instagram 注册
instagram 注册 无法 完成,Google,Instagram 注册
instagram 官网 注册,Google,Instagram 注册
instagram注册注意事项,Google,Instagram 注册
国内 怎么 注册 instagram,Google,Instagram 注册
instagram注册卡在我同意,Bing,Instagram 注册
instagram注册卡在生日,Bing,Instagram 注册
instagram注册卡在用户名,Bing,Instagram 注册
instagram 注册 名字,Google,Instagram 注册
instagram 怎么 看 注册 时间,Google,Instagram 注册
instagram 免 注册,Google,Instagram 注册
instagram 注册 密码,Google,Instagram 注册
instagram注册无法验证邮箱,Bing,Instagram 注册
instagram注册名字,Bing,Instagram 注册
instagram注册秒封,Bing,Instagram 注册
instagram怎么注册,Bing,Instagram 注册
instagram怎么注册,Google,Instagram 注册
如何注册instagram账号,Bing,Instagram 注册
instagram 注册 机,Google,Instagram 注册
instagram注册就被冻结,Bing,Instagram 注册
instagram网页版注册,Bing,Instagram 注册
instagram无法注册,Bing,Instagram 注册
instagram无法注册,Google,Instagram 注册
instagram账号注册,Bing,Instagram 注册
instagram账号注册,Google,Instagram 注册
为什么instagram注册不了,Bing,Instagram 注册
instagram 注册 入口,Google,Instagram 注册
instagram注册手机收不到验证码,Google,Instagram 注册
instagram 注册 全 名,Google,Instagram 注册
instagram注册全名,Bing,Instagram 注册
instagram注册全流程,Bing,Instagram 注册
instagram注册全名和账号,Bing,Instagram 注册
instagram 注册 年龄,Google,Instagram 注册
instagram 点 注册 没 反应,Google,Instagram 注册
instagram 注册 需要 手机 号 吗,Google,Instagram 注册
instagram 手机注册,Google,Instagram 注册
instagram 注册 需要 手机 号,Google,Instagram 注册
中国 如何 注册 instagram,Google,Instagram 注册
中国 注册 instagram,Google,Instagram 注册
instagram如何注册,Google,Instagram 注册
instagram注册入口,Bing,Instagram 注册
instagram 注册 姓名,Google,Instagram 注册
instagram注册新账号,Google,Instagram 注册
instagram注册手机验证,Bing,Instagram 注册
instagram注册收不到短信,Bing,Instagram 注册
instagram注册收不到手机验证码,Bing,Instagram 注册
instagram注册手机号怎么填,Bing,Instagram 注册
instagram邮箱注册,Google,Instagram 注册
instagram 注册 无法 验证 邮箱,Google,Instagram 注册
instagram注册为了保护我们的社群,Bing,Instagram 注册
instagram注册网站,Bing,Instagram 注册
instagram注册网址,Bing,Instagram 注册
instagram注册网站免费,Bing,Instagram 注册
instagram注册网站入口,Bing,Instagram 注册
instagram注册需要翻墙吗,Bing,Instagram 注册
instagram注册需要人脸,Bing,Instagram 注册
instagram注册页面,Bing,Instagram 注册
instagram注册页面打不开,Bing,Instagram 注册
instagram注册需要手机号吗,Bing,Instagram 注册
instagram注册需要注意什么,Bing,Instagram 注册
instagram注册页面无法加载,Bing,Instagram 注册
instagram注册页面目前无法显示,Bing,Instagram 注册
c 罗 instagram 账号,Google,Instagram 账号
instagram账号推荐,Bing,Instagram 账号
instagram账号推荐,Google,Instagram 账号
instagram 账号 可以 注销 吗,Google,Instagram 账号
instagram 账号 所在地,Google,Instagram 账号
instagram 账号 注册,Google,Instagram 账号
instagram 账号 注销,Google,Instagram 账号
instagram账号出售,Bing,Instagram 账号
instagram账号查询,Bing,Instagram 账号
instagram账号被停用,Bing,Instagram 账号
instagram账号被停用,Google,Instagram 账号
instagram账号注销,Bing,Instagram 账号
instagram账号注销,Google,Instagram 账号
instagram账号共享,Bing,Instagram 账号
instagram账号被封,Bing,Instagram 账号
注销instagram账号,Bing,Instagram 账号
怎么注销instagram账号,Bing,Instagram 账号
instagram 注册帐号,Google,Instagram 注册
instagram 注册 需要 什么,Google,Instagram 注册
instagram 注册 全名,Google,Instagram 注册
instagram 注册 卡 在 姓名,Google,Instagram 注册
instagram注册账号填什么,Bing,Instagram 注册
instagram注册账号出错,Bing,Instagram 注册
instagram账号,Bing,Instagram 账号
instagram账号,Google,Instagram 账号
instagram 账号 共享,Google,Instagram 账号
instagram账号申诉,Bing,Instagram 账号
instagram账号申诉,Google,Instagram 账号
instagram账号是什么,Bing,Instagram 账号
instagram账号是什么,Google,Instagram 账号
instagram账号找回,Bing,Instagram 账号
instagram账号找回,Google,Instagram 账号
instagram账号登录,Google,Instagram 账号
instagram账号恢复,Google,Instagram 账号
instagram账号被永久停用,Bing,Instagram 账号
instagram账号被永久停用,Google,Instagram 账号
instagram账号被盗,Bing,Instagram 账号
instagram账号被停用了怎么办,Bing,Instagram 账号
instagram账号停用,Bing,Instagram 账号
instagram账号怎么注册,Bing,Instagram 账号
instagram用什么注册,Google,Instagram 注册
instagram注册验证码,Bing,Instagram 注册
instagram注册要真名,Bing,Instagram 注册
instagram注册要自拍,Bing,Instagram 注册
instagram注册要用真名吗,Bing,Instagram 注册
instagram注册邮箱收不到验证码,Bing,Instagram 注册
instagram 账号 名称,Google,Instagram 账号
instagram 账号购买,Bing,Instagram 账号
instagram账号批发,Bing,Instagram 账号
instagram账号购买平台,Bing,Instagram 账号
instagram 账号 分享,Google,Instagram 账号
instagram 账号 分析,Google,Instagram 账号
instagram 账号 分析 工具,Google,Instagram 账号
instagram没有账号,Google,Instagram 账号
instagram 账号 被 封,Google,Instagram 账号
美国 instagram 账号,Google,Instagram 账号
instagram账号被封禁,Bing,Instagram 账号
instagram账号不可用,Bing,Instagram 账号
instagram账号被封了怎么办,Bing,Instagram 账号
instagram 创建 账号 出错,Google,Instagram 账号
instagram 账号 永久 停 用,Google,Instagram 账号
instagram 账号 被 永久 停 用,Google,Instagram 账号
instagram 账号 更改,Google,Instagram 账号
instagram 账号 怎么 改,Google,Instagram 账号
伍佰 instagram 账号,Google,Instagram 账号
instagram账号刚注册就被停用,Bing,Instagram 账号
instagram账号格式,Bing,Instagram 账号
instagram账号购买印度,Bing,Instagram 账号
instagram账号分享,Bing,Instagram 账号
instagram账号分析,Bing,Instagram 账号
instagram 账号 被 停 用,Google,Instagram 账号
instagram账号被封怎么办,Google,Instagram 账号
instagram 账号 被 锁,Google,Instagram 账号
instagram 账号不可用,Google,Instagram 账号
instagram 账号 封禁,Google,Instagram 账号
instagram账号被盗怎么办,Google,Instagram 账号
instagram账号被停用怎么办,Google,Instagram 账号
instagram 账号 注册 不了,Google,Instagram 账号
程 yoyo instagram 账号,Google,Instagram 账号
instagram 账号 如何 注销,Google,Instagram 账号
instagram 账号 管理,Google,Instagram 账号
instagram 粉丝 账号,Google,Instagram 账号
instagram 美 区 账号,Google,Instagram 账号
instagram 粉丝 账号 购买,Google,Instagram 账号
instagram 公共 账号,Google,Instagram 账号
instagram 擦边账号,Google,Instagram 账号
instagram 官方 账号,Google,Instagram 账号
instagram 公司 账号,Google,Instagram 账号
找 回 instagram 账号,Google,Instagram 账号
甲亢 哥 instagram 账号,Google,Instagram 账号
instagram账号可以登录facebook吗,Bing,Instagram 账号
instagram怎么注销账号,Bing,Instagram 账号
instagram怎么注销账号,Google,Instagram 账号
instagram 老 账号,Google,Instagram 账号
instagram 账户 类型,Google,Instagram 账号
instagram 账号 密码,Google,Instagram 账号
instagram 账号 名字,Google,Instagram 账号
instagram 创作 者 账号,Google,Instagram 账号
instagram 开发 者 账号,Google,Instagram 账号
instagram 看 私密 账号,Google,Instagram 账号
instagram 私密 账号 怎么 看,Google,Instagram 账号
instagram账号怎么看,Google,Instagram 账号
instagram账号密码,Bing,Instagram 账号
instagram账号名,Bing,Instagram 账号
instagram账号名称,Bing,Instagram 账号
instagram账号命名,Bing,Instagram 账号
instagram账号没了,Bing,Instagram 账号
instagram账号名修改,Bing,Instagram 账号
instagram账号密码共享,Bing,Instagram 账号
instagram账号密码忘记了,Bing,Instagram 账号
instagram账号名字怎么起,Bing,Instagram 账号
instagram账号密码忘记了怎么办,Bing,Instagram 账号
instagram 账号 迁移,Google,Instagram 账号
instagram 账号 修改,Google,Instagram 账号
instagram 公开账号,Google,Instagram 账号
instagram 账号 限制,Google,Instagram 账号
王思聪 instagram 账号,Google,Instagram 账号
instagram 老账号,Google,Instagram 账号
instagram 老 账号 购买,Google,Instagram 账号
instagram账号如何注册,Bing,Instagram 账号
instagram账号如何注销,Bing,Instagram 账号
instagram 账号 消失,Google,Instagram 账号
instagram 账号 申请,Google,Instagram 账号
instagram 企业 账号 申请,Google,Instagram 账号
instagram 查看 私人 账号,Google,Instagram 账号
instagram 商业 账号,Google,Instagram 账号
instagram 切换 个人 账号,Google,Instagram 账号
instagram 私人 账号,Google,Instagram 账号
instagram 怎么 切换 账号,Google,Instagram 账号
instagram 注册 新 账号,Google,Instagram 账号
instagram 新 账号,Google,Instagram 账号
庄梦涵 instagram 账号 是 什么,Google,Instagram 账号
小 s instagram 账号,Google,Instagram 账号
instagram账号数据查看,Bing,Instagram 账号
instagram账号是什么意思,Bing,Instagram 账号
instagram 账号 停 用,Google,Instagram 账号
instagram 账号 中心,Google,Instagram 账号
instagram账号停用申诉,Google,Instagram 账号
instagram 停 用 账号 复原,Google,Instagram 账号
instagram 的 账号 是 什么,Google,Instagram 账号
如何 注销 instagram 账号,Google,Instagram 账号
如何 注册 instagram 账号,Google,Instagram 账号
如何 退出 instagram 账号,Google,Instagram 账号
instagram 私密 账号,Google,Instagram 账号
instagram 私密 账号 查看,Google,Instagram 账号
instagram 账号 无法 登录,Google,Instagram 账号
instagram 账号 可以 修改 吗,Google,Instagram 账号
instagram 停 用 账号,Google,Instagram 账号
instagram 有趣 账号,Google,Instagram 账号
instagram 曾 用 账号,Google,Instagram 账号
instagram账号运营,Bing,Instagram 账号
郑 爽 instagram 账号 是 什么,Google,Instagram 账号
徐如蓝instagram账号,Google,Instagram 账号
instagram账号注册不了怎么办,Bing,Instagram 账号
instagram账号怎么弄,Bing,Instagram 账号
instagram账号怎么注销,Bing,Instagram 账号
instagram账号注册要求,Bing,Instagram 账号
instagram账号怎么申诉,Bing,Instagram 账号
instagram涨粉,Bing,Instagram 涨粉
instagram涨粉,Google,Instagram 涨粉
instagram涨粉方法,Google,Instagram 涨粉
instagram 涨 粉 技巧,Google,Instagram 涨粉
instagram 涨 粉 广告,Google,Instagram 涨粉
instagram怎么涨粉,Bing,Instagram 涨粉
instagram怎么涨粉,Google,Instagram 涨粉
instagram如何涨粉,Bing,Instagram 涨粉
instagram 涨粉,Google,Instagram 涨粉
ins 涨粉,Google,Instagram 涨粉
instagram无法登入,Google,Instagram 无法注册
instagram无法关注,Google,Instagram 无法注册
instagram无法注册账号,Bing,Instagram 无法注册
根据你提供的信息你无法注册instagram,Bing,Instagram 无法注册
无法注册instagram,Bing,Instagram 无法注册
instagram为什么无法注册,Bing,Instagram 无法注册
instagram邮箱无法注册,Bing,Instagram 无法注册
instagram根据你提供的信息无法注册,Bing,Instagram 无法注册
instagram 无法 注册,Google,Instagram 无法注册
instagram 无法 创建 账号,Google,Instagram 无法注册
ig 无法 注册,Google,Instagram 无法注册
ins无法注册,Google,Instagram 无法注册
注册 instagram 时出错 请稍后重试,Bing,Instagram 无法注册
出现问题 页面无法加载。 instagram,Bing,Instagram 无法注册
登录 instagram 时出错 请稍后重试,Bing,Instagram 无法注册
instagram.com 登录,Bing,Instagram 无法注册
网页登录 instagram 时出错 请稍后重试,Bing,Instagram 无法注册
instagram 官网 登录 入口,Bing,Instagram 无法注册
instagram 网页 版 登陆 入口,Bing,Instagram 无法注册
www.instagram.com官网,Bing,Instagram 无法注册
www.instagram.com网页版,Bing,Instagram 无法注册
instagram 网页 版 登录,Bing,Instagram 无法注册
instagram无法连接网络,Google,Instagram 无法注册
ins注册无法完成你的请求,Google,Instagram 无法注册
我们无法连接 instagram。请确保接入网络再重试,Bing,Instagram 无法注册
instagram验证码未发送: 请稍后重试或使用其他手机号,Bing,Instagram 无法注册
instagram下载,Bing,Instagram 下载
instagram下载,Google,Instagram 下载
instagram 下载 安卓,Google,Instagram 下载
instagram 下载 apk,Google,Instagram 下载
instagram 下载 安卓 版,Google,Instagram 下载
instagram 下载器 – toolmaster,Bing,Instagram 下载
instagram 下载器 – toolmaster,Google,Instagram 下载
instagram下载照片,Bing,Instagram 下载
instagram下载照片,Google,Instagram 下载
instagram 下载 mac,Google,Instagram 下载
instagram 下载 ios,Google,Instagram 下载
instagram下载快捷指令,Bing,Instagram 下载
instagram下载快捷指令,Google,Instagram 下载
instagram 下载 电脑 版 mac,Google,Instagram 下载
instagram 下载 windows,Bing,Instagram 下载
instagram 下载 windows,Google,Instagram 下载
instagram 下载 安装 包,Google,Instagram 下载
instagram下载解析,Bing,Instagram 下载
instagram下载解析,Google,Instagram 下载
instagram 下载 最新 版,Google,Instagram 下载
instagram 下载 电脑 版,Google,Instagram 下载
instagram下载安卓,Bing,Instagram 下载
instagram下载图片,Bing,Instagram 下载
instagram下载电脑版,Bing,Instagram 下载
instagram下载视频,Bing,Instagram 下载
instagram下载安卓版,Bing,Instagram 下载
instagram下载apk,Bing,Instagram 下载
instagram下载安卓版app,Bing,Instagram 下载
instagram下载苹果,Bing,Instagram 下载
instagram下载安卓版官方正版,Bing,Instagram 下载
instagram下载器,Bing,Instagram 下载
instagram 下载 app,Google,Instagram 下载
instagram下载安卓手机,Google,Instagram 下载
instagram 下载 照片,Google,Instagram 下载
instagram 下载 照片 的 扩展 程序,Google,Instagram 下载
instagram 下载 安卓 apk,Google,Instagram 下载
instagram 下载 安装,Google,Instagram 下载
instagram 下载 照片 视频,Google,Instagram 下载
instagram下载apkpure,Google,Instagram 下载
instagram 下载 安卓 最新 版,Google,Instagram 下载
instagram 下载 照片 捷径,Google,Instagram 下载
instagram 下载 照片 app,Google,Instagram 下载
instagram下载app,Bing,Instagram 下载
instagram下载安装包,Bing,Instagram 下载
instagram下载安卓教程,Bing,Instagram 下载
instagram下载安卓旧版,Bing,Instagram 下载
instagram下载安卓版免费下载,Bing,Instagram 下载
instagram 网页 版 下载,Google,Instagram 下载
instagram app 下载 安卓 版,Google,Instagram 下载
instagram 手机 版 下载,Google,Instagram 下载
instagram 桌面 版 下载,Google,Instagram 下载
instagram 图 文 下载,Google,Instagram 下载
instagram 可以 下载 电脑 版 吗,Google,Instagram 下载
instagram mac 版 下载,Google,Instagram 下载
instagram 照片 下载 电脑 版,Google,Instagram 下载
下载 instagram 贴 文,Google,Instagram 下载
instagram下载包,Bing,Instagram 下载
instagram下载包,Google,Instagram 下载
instagram下载不了,Bing,Instagram 下载
instagram 下载插件,Bing,Instagram 下载
instagram 下载 多 张 照片 电脑,Google,Instagram 下载
instagram下载多张照片,Google,Instagram 下载
instagram 打包 下载,Google,Instagram 下载
instagram direct下载,Google,Instagram 下载
instagram 限 動 下载,Google,Instagram 下载
downloader for instagram instagram 下载 器,Google,Instagram 下载
instagram下载地址,Bing,Instagram 下载
instagram下载的视频怎么去水印,Bing,Instagram 下载
instagram 下载,Bing,Instagram 下载
instagram 下载,Google,Instagram 下载
instagram视频下载,Bing,Instagram 下载
instagram安卓下载,Bing,Instagram 下载
instagram图片下载,Bing,Instagram 下载
instagram 下载 mac 版,Google,Instagram 下载
instagram 下载 解析,Google,Instagram 下载
instagram 下载 高清 图片,Google,Instagram 下载
instagram 下载 华为,Google,Instagram 下载
instagram 下载 不了,Google,Instagram 下载
instagram 图片 下载 扩展 程序,Google,Instagram 下载
instagram 最新 版本 下载,Google,Instagram 下载
instagram 电脑 端 下载,Google,Instagram 下载
instagram 下载 扩展 程序,Google,Instagram 下载
instagram 封面 下载,Google,Instagram 下载
instagram 旧 版本 下载,Google,Instagram 下载
instagram filter 下载,Google,Instagram 下载
instagram 历史 版本 下载,Google,Instagram 下载
instagram 客户 端 下载,Google,Instagram 下载
instagram 原 图 下载 网站,Google,Instagram 下载
instagram 表情 包 下载,Google,Instagram 下载
fastsave for instagram 下载,Google,Instagram 下载
downloader for instagram 下载,Google,Instagram 下载
instagram下载后为什么打不开,Bing,Instagram 下载
instagram下载华为,Bing,Instagram 下载
instagram下载入口,Bing,Instagram 下载
instagram下载入口,Google,Instagram 下载
instagram 下载 iphone,Google,Instagram 下载
instagram 图片 下载 ios,Google,Instagram 下载
instagram 安卓 下载 官网 入口,Google,Instagram 下载
instagram官网下载入口,Google,Instagram 下载
instagram lite 下载 ios,Google,Instagram 下载
instagram下载ios,Bing,Instagram 下载
instagram下载ios下载,Bing,Instagram 下载
instagram下载ipa,Bing,Instagram 下载
instagram 下载 github,Google,Instagram 下载
instagram下载官网,Bing,Instagram 下载
instagram下载官网,Google,Instagram 下载
instagram 批量 下载 github,Google,Instagram 下载
instagram 图片 下载 github,Google,Instagram 下载
instagram 下载 高 画 质,Google,Instagram 下载
instagram gif下载,Google,Instagram 下载
instagram视频下载 github,Google,Instagram 下载
ig 下载 工具,Google,Instagram 下载
instagram下载官方安卓版,Bing,Instagram 下载
instagram下载工具,Bing,Instagram 下载
instagram下载官网入口,Bing,Instagram 下载
instagram下载官方入口,Bing,Instagram 下载
instagram下载捷径,Bing,Instagram 下载
instagram下载教程,Bing,Instagram 下载
instagram下载加速器,Bing,Instagram 下载
instagram 下载 快捷 指令 2024,Google,Instagram 下载
instagram 下载 官方,Google,Instagram 下载
instagram 下载 官方 安卓 版,Google,Instagram 下载
instagram 下载 工具 包,Google,Instagram 下载
instagram 下载 影片 照片 影片 故事 和 个人 资料 saveinsta,Google,Instagram 下载
instagram 下载 高画质,Google,Instagram 下载
instagram 下载 限 动,Google,Instagram 下载
instagram 下载 限时动态,Google,Instagram 下载
instagram com 下载,Google,Instagram 下载
instagram下载链接,Bing,Instagram 下载
instagram下载量,Bing,Instagram 下载
instagram下载了打不开,Bing,Instagram 下载
instagram 下载 免费,Google,Instagram 下载
instagram 下载 macbook,Google,Instagram 下载
instagram 下载 水印,Google,Instagram 下载
instagram 无 水印 下载,Google,Instagram 下载
instagram 官方 免费 下载,Google,Instagram 下载
instagram 电脑 版 下载 mac,Google,Instagram 下载
免费 下载 instagram 影片,Google,Instagram 下载
instagram下载mac,Bing,Instagram 下载
instagram下载无水印,Bing,Instagram 下载
instagram下载去水印,Google,Instagram 下载
instagram 下载 苹果,Google,Instagram 下载
instagram 下载 量,Google,Instagram 下载
instagram 老 版本 下载,Google,Instagram 下载
instagram reels 批量 下载,Google,Instagram 下载
instagram下载软件,Bing,Instagram 下载
instagram下载荣耀,Bing,Instagram 下载
instagram下载手机版,Bing,Instagram 下载
instagram下载视频软件,Bing,Instagram 下载
instagram网页版下载,Bing,Instagram 下载
instagram官网下载,Bing,Instagram 下载
instagram下载pc,Bing,Instagram 下载
instagram下载平板,Bing,Instagram 下载
instagram下载pc版,Bing,Instagram 下载
instagram下载图片视频,Google,Instagram 下载
instagram下载圖片,Google,Instagram 下载
instagram 下载 中文,Google,Instagram 下载
instagram 下载 地址,Google,Instagram 下载
instagram 下载 机器人,Google,Instagram 下载
instagram 下载 中文 版,Google,Instagram 下载
instagram 下载 器 toolmaster,Google,Instagram 下载
instagram 直播 下载,Google,Instagram 下载
instagram 手机 下载,Google,Instagram 下载
instagram 的 下载 器,Google,Instagram 下载
如何 下载 instagram 的 图片,Google,Instagram 下载
instagram下载图片插件,Bing,Instagram 下载
instagram下载图片快捷指令,Bing,Instagram 下载
instagram 下载 器 扩展 程序,Google,Instagram 下载
instagram 下载 器 chrome,Google,Instagram 下载
instagram 下载 器 app,Google,Instagram 下载
instagram 图片 下载 器,Google,Instagram 下载
snapinsta instagram 下载 器,Google,Instagram 下载
instagram 下载 无 水印,Google,Instagram 下载
instagram下载网站,Google,Instagram 下载
apple watch 下载 instagram,Google,Instagram 下载
instagram下载网页版,Bing,Instagram 下载
instagram下载网址,Bing,Instagram 下载
instagram下载限时动态,Google,Instagram 下载
instagram下载相片,Google,Instagram 下载
instagram lite 下载,Google,Instagram 下载
instagram live 下载,Google,Instagram 下载
instagram logo 下载,Google,Instagram 下载
instagram x 下载,Google,Instagram 下载
instagram login 下载,Google,Instagram 下载
www instagram 下载,Google,Instagram 下载
instagram 下载资讯,Google,Instagram 下载
instagram 图片 在线 下载,Google,Instagram 下载
instagram 帖子 下载,Google,Instagram 下载
instagram 字幕 下载,Google,Instagram 下载
instagram 字体 下载,Google,Instagram 下载
instagram全部下载,Google,Instagram 下载
instagram自动下载,Google,Instagram 下载
instagram 重新 下载,Google,Instagram 下载
如何 在 instagram 下载 照片,Google,Instagram 下载
instagram下载最新版,Bing,Instagram 下载
instagram下载正版官方,Bing,Instagram 下载
instagram下载正版官方入口,Bing,Instagram 下载
instagram下载最新安卓版,Bing,Instagram 下载
instagram 下载影片、照片、影片、故事和个人资料 saveinsta,Google,Instagram 下载
instagram下载原图,Bing,Instagram 下载
instagram下载用不了,Bing,Instagram 下载
instagram登录,Bing,Instagram
instagram登录,Google,Instagram
instagram网页版,Bing,Instagram
instagram网页版,Google,Instagram
instagram download,Bing,Instagram
instagram download,Google,Instagram
instagram官网,Bing,Instagram
instagram官网,Google,Instagram
instagram login,Bing,Instagram
instagram login,Google,Instagram
instagram reels,Bing,Instagram
instagram reels,Google,Instagram
instagram apk,Bing,Instagram
instagram apk,Google,Instagram
instagram是什么,Google,Instagram
instagram无水印下载,Bing,Instagram
instagram无水印下载,Google,Instagram
instagram logo,Bing,Instagram
instagram logo,Google,Instagram
instagram视频解析,Google,Instagram
instagram网页版 官方,Bing,Instagram
instagram网页版登录入口,Bing,Instagram
instagram是什么软件,Bing,Instagram
instagram 安卓 下载,Google,Instagram
instagram安装包,Google,Instagram
instagram app,Bing,Instagram
instagram app,Google,Instagram
instagram android,Bing,Instagram
instagram android,Google,Instagram
instagram ads,Bing,Instagram
instagram ads,Google,Instagram
instagram 安卓 版,Google,Instagram
instagram anonymous,Bing,Instagram
instagram anonymous,Google,Instagram
instagram apk下载,Bing,Instagram
instagram apk下载,Google,Instagram
instagram apk 安装 包,Google,Instagram
instagram api,Bing,Instagram
instagram api,Google,Instagram
instagram 安卓 安装 包,Google,Instagram
instagram安卓版下载,Google,Instagram
instagram app下载,Google,Instagram
instagram app 下載,Bing,Instagram
instagram帮助中心,Google,Instagram
instagram保存照片,Google,Instagram
instagram business,Bing,Instagram
instagram business,Google,Instagram
instagram博主推荐,Google,Instagram
instagram被封怎么申诉,Google,Instagram
instagram被封,Google,Instagram
instagram被停用,Google,Instagram
instagram business account,Bing,Instagram
instagram business account,Google,Instagram
instagram保存视频,Google,Instagram
instagram被拉黑,Google,Instagram
instagram被拉黑是什么样的,Google,Instagram
instagram 被 停 用 怎么 申诉,Google,Instagram
instagram不能注册,Google,Instagram
instagram百科,Google,Instagram
instagram 滨崎步,Google,Instagram
instagram 保存,Bing,Instagram
instagram电脑版,Google,Instagram
instagram点赞记录,Google,Instagram
instagram direct,Bing,Instagram
instagram direct,Google,Instagram
instagram电脑版下载,Google,Instagram
instagram登录不了,Google,Instagram
instagram打不开,Google,Instagram
instagram定时发布,Google,Instagram
instagram的logo,Google,Instagram
instagram 电脑版,Bing,Instagram
instagram emoji,Bing,Instagram
instagram emoji,Google,Instagram
instagram 二维码,Google,Instagram
instagram二维码在哪里,Google,Instagram
instagram email,Bing,Instagram
instagram email,Google,Instagram
instagram edits,Bing,Instagram
instagram edits,Google,Instagram
instagram explore,Bing,Instagram
instagram explore,Google,Instagram
instagram exe,Bing,Instagram
instagram exe,Google,Instagram
instagram尺寸,Google,Instagram
instagram carousel,Bing,Instagram
instagram carousel,Google,Instagram
instagram 擦 边,Google,Instagram
instagram create account,Bing,Instagram
instagram create account,Google,Instagram
instagram查看器,Google,Instagram
instagram创始人,Google,Instagram
instagram存图,Google,Instagram
instagram comment viewer,Bing,Instagram
instagram comment viewer,Google,Instagram
instagram抽奖,Google,Instagram
instagram创建账号,Google,Instagram
instagram重设密码,Google,Instagram
instagram caption,Bing,Instagram
instagram caption,Google,Instagram
instagram粉丝购买,Google,Instagram
instagram for mac,Bing,Instagram
instagram for mac,Google,Instagram
instagram followers,Bing,Instagram
instagram followers,Google,Instagram
instagram feed,Bing,Instagram
instagram feed,Google,Instagram
instagram封号,Google,Instagram
instagram 访客记录,Google,Instagram
instagram翻译,Bing,Instagram
instagram翻译,Google,Instagram
instagram feed是什么,Google,Instagram
instagram封面下载,Google,Instagram
instagram发音,Google,Instagram
instagram facebook,Bing,Instagram
instagram facebook,Google,Instagram
instagram发帖,Google,Instagram
instagram 访问记录,Google,Instagram
instagram 广告,Google,Instagram
instagram改名,Google,Instagram
instagram购买,Google,Instagram
instagram官方下载,Google,Instagram
instagram 官网 下载 apk,Google,Instagram
instagram graph api,Bing,Instagram
instagram graph api,Google,Instagram
instagram更新,Google,Instagram
instagram广告投放,Google,Instagram
instagram 广告 投放 技巧,Google,Instagram
instagram官方入口,Google,Instagram
instagram个性签名,Google,Instagram
instagram 官网 入口,Google,Instagram
instagram 官网 下载,Google,Instagram
instagram官网网页版,Bing,Instagram
instagram官网入口,Bing,Instagram
instagram官网下载安卓,Bing,Instagram
instagram help center,Bing,Instagram
instagram help center,Google,Instagram
instagram handle,Bing,Instagram
instagram handle,Google,Instagram
instagram和facebook的不同,Google,Instagram
instagram hashtag,Bing,Instagram
instagram hashtag,Google,Instagram
instagram号商,Google,Instagram
instagram 话题引子,Google,Instagram
instagram 华语,Google,Instagram
instagram highlights,Bing,Instagram
instagram highlights,Google,Instagram
instagram history,Bing,Instagram
instagram history,Google,Instagram
instagram hacked,Bing,Instagram
instagram hacked,Google,Instagram
instagram号,Google,Instagram
instagram 恢复 隐藏 快 拍,Google,Instagram
instagram 华语名,Google,Instagram
instagram highlight viewer,Bing,Instagram
instagram highlight viewer,Google,Instagram
instagram handle是什么,Google,Instagram
instagram insights,Bing,Instagram
instagram insights,Google,Instagram
instagram icon,Bing,Instagram
instagram icon,Google,Instagram
instagram ipa,Bing,Instagram
instagram ipa,Google,Instagram
instagram image,Bing,Instagram
instagram image,Google,Instagram
instagram id,Bing,Instagram
instagram id,Google,Instagram
instagram install,Bing,Instagram
instagram install,Google,Instagram
instagram influencer,Bing,Instagram
instagram influencer,Google,Instagram
instagram 快捷 指令 2025,Google,Instagram
instagram客服,Google,Instagram
instagram 开车 关键 词,Google,Instagram
instagram 快拍,Google,Instagram
instagram 客服 邮箱,Google,Instagram
instagram快捷指令,Google,Instagram
instagram 扩展 程序,Google,Instagram
instagram 开发者平台,Google,Instagram
instagram可以看到访客记录吗,Google,Instagram
instagram 客服 中心,Google,Instagram
instagram 客服 电话,Google,Instagram
instagram 快 拍 访客 记录 顺序,Google,Instagram
instagram開直播,Google,Instagram
instagram客服台湾,Google,Instagram
instagram可以看浏览记录吗,Google,Instagram
instagram解析,Bing,Instagram
instagram解析,Google,Instagram
instagram镜像网站,Google,Instagram
instagram介绍,Google,Instagram
instagram解析下载,Google,Instagram
instagram解除限制,Google,Instagram
instagram截图对方会知道吗,Google,Instagram
instagram镜像,Bing,Instagram
instagram镜像,Google,Instagram
instagram接码平台,Google,Instagram
instagram 旧 版本 ios,Google,Instagram
instagram旧版本,Google,Instagram
instagram简称,Google,Instagram
instagram 噤声 功能,Google,Instagram
instagram界面,Google,Instagram
instagram解封,Google,Instagram
instagram截图story对方会知道吗,Google,Instagram
instagram加速器,Bing,Instagram
instagram加速器永久免费,Bing,Instagram
instagram镜像站,Bing,Instagram
instagram mac,Bing,Instagram
instagram mac,Google,Instagram
instagram买号,Google,Instagram
instagram mockup,Bing,Instagram
instagram mockup,Google,Instagram
instagram免登录,Google,Instagram
instagram 美女,Google,Instagram
instagram mac 下载,Google,Instagram
instagram买粉,Google,Instagram
instagram卖货,Google,Instagram
instagram 免 登录 浏览,Google,Instagram
instagram 敏感 内容 关键 词,Google,Instagram
instagram 敏感 内容 怎么 看,Google,Instagram
instagram密友,Google,Instagram
instagram mac下载,Bing,Instagram
instagrammen異男集中營,Bing,Instagram
instagram live,Bing,Instagram
instagram live,Google,Instagram
instagram lite,Bing,Instagram
instagram lite,Google,Instagram
instagram logo png,Bing,Instagram
instagram logo png,Google,Instagram
instagram 浏览记录,Google,Instagram
instagram link,Bing,Instagram
instagram link,Google,Instagram
instagram蓝标认证,Google,Instagram
instagram历史记录,Google,Instagram
instagram历史版本,Google,Instagram
instagram 老 号 购买,Google,Instagram
instagram 历史纪录,Google,Instagram
instagram login下载,Bing,Instagram
instagram post,Bing,Instagram
instagram post,Google,Instagram
instagram post size,Bing,Instagram
instagram post size,Google,Instagram
instagram批量下载,Google,Instagram
instagram 批量 下载 工具,Google,Instagram
instagram 爬虫,Google,Instagram
instagram 拼图,Google,Instagram
instagram pc,Bing,Instagram
instagram pc,Google,Instagram
instagram pc版,Bing,Instagram
instagram能看到访客记录吗,Google,Instagram
instagram new account,Bing,Instagram
instagram new account,Google,Instagram
instagram navigation,Bing,Instagram
instagram navigation,Google,Instagram
instagram 匿名查看,Google,Instagram
instagram 内容下载,Google,Instagram
instagram匿名,Google,Instagram
instagram 年龄限制,Google,Instagram
instagram女菩萨,Google,Instagram
instagram 你的帐号密码可能已在网路上分享,Google,Instagram
instagram哪个国家用的多,Google,Instagram
instagram 匿名观看,Google,Instagram
instagram name,Bing,Instagram
instagram name,Google,Instagram
instagram online,Bing,Instagram
instagram online,Google,Instagram
instagram online viewer,Bing,Instagram
instagram online viewer,Google,Instagram
instagram official,Bing,Instagram
instagram official,Google,Instagram
instagram old version,Bing,Instagram
instagram old version,Google,Instagram
instagram owner,Bing,Instagram
instagram owner,Google,Instagram
instagram outage,Bing,Instagram
instagram outage,Google,Instagram
instagram on pc,Bing,Instagram
instagram on pc,Google,Instagram
instagram去除水印,Google,Instagram
instagram qr code,Bing,Instagram
instagram qr code,Google,Instagram
instagram去水印工具,Google,Instagram
instagram去水印解析,Google,Instagram
instagram 去 水印 网站,Google,Instagram
instagram清理缓存,Google,Instagram
instagram去广告,Google,Instagram
instagram 前后双拍,Google,Instagram
instagram去水印在线,Google,Instagram
instagram群发,Google,Instagram
instagram 取消典藏,Google,Instagram
instagram 悄悄发布,Google,Instagram
instagram 群组,Google,Instagram
instagram 取消转发,Google,Instagram
instagram 取消传送,Google,Instagram
instagram去水印,Bing,Instagram
instagram qrコード 出し方,Bing,Instagram
instagram update,Bing,Instagram
instagram update,Google,Instagram
instagram user,Bing,Instagram
instagram user,Google,Instagram
instagram username,Bing,Instagram
instagram username,Google,Instagram
instagram url,Bing,Instagram
instagram url,Google,Instagram
instagram ui,Bing,Instagram
instagram ui,Google,Instagram
instagram user id,Bing,Instagram
instagram user id,Google,Instagram
instagram uk,Bing,Instagram
instagram uk,Google,Instagram
instagram图标,Bing,Instagram
instagram图标,Google,Instagram
instagram trends,Bing,Instagram
instagram trends,Google,Instagram
instagram图片下载工具,Google,Instagram
instagram图片,Google,Instagram
instagram threads,Bing,Instagram
instagram threads,Google,Instagram
instagram图片尺寸,Google,Instagram
instagram图片提取,Google,Instagram
instagram图片解析,Google,Instagram
instagram提取器,Google,Instagram
instagram图片保存,Google,Instagram
instagram图片下载器,Google,Instagram
instagram图片下载快捷指令,Google,Instagram
instagram提取,Google,Instagram
instagram头像,Google,Instagram
instagram图片搜索,Google,Instagram
instagram story,Bing,Instagram
instagram story,Google,Instagram
instagram視頻下載,Google,Instagram
instagram收不到验证码,Google,Instagram
instagram sign up,Bing,Instagram
instagram sign up,Google,Instagram
instagram shop,Bing,Instagram
instagram shop,Google,Instagram
instagram手机号验证,Google,Instagram
instagram是什么网站,Google,Instagram
instagram是什么意思,Bing,Instagram
instagram是什么意思,Google,Instagram
instagram视频,Google,Instagram
instagram shopping,Bing,Instagram
instagram shopping,Google,Instagram
instagram申诉,Google,Instagram
instagram是哪家公司的,Google,Instagram
instagram reels是什么,Bing,Instagram
instagram reels是什么,Google,Instagram
instagram register,Bing,Instagram
instagram register,Google,Instagram
instagram如何下载图片,Google,Instagram
instagram如何赚钱,Google,Instagram
instagram如何删除账户,Google,Instagram
instagram如何添加好友,Google,Instagram
instagram repost功能,Google,Instagram
instagram 人工 客服,Google,Instagram
instagram 如何 知道 自己 被 拉 黑,Google,Instagram
instagram 如何 知道 别人 stalk 你,Google,Instagram
instagram需要手机验证,Google,Instagram
instagram 新功能,Google,Instagram
instagram video,Bing,Instagram
instagram video,Google,Instagram
instagram viewer anonymous,Bing,Instagram
instagram viewer anonymous,Google,Instagram
instagram web,Bing,Instagram
instagram web,Google,Instagram
instagram 网页 版 登入,Google,Instagram
instagram website,Bing,Instagram
instagram website,Google,Instagram
instagram 网站,Google,Instagram
instagram wiki,Bing,Instagram
instagram wiki,Google,Instagram
instagram无水印,Google,Instagram
instagram 网页 版 免 登录,Google,Instagram
instagram windows,Bing,Instagram
instagram windows,Google,Instagram
instagram无法登录,Google,Instagram
instagram无法刷新动态,Google,Instagram
instagram玩法,Google,Instagram
instagram维基百科,Google,Instagram
instagram网页版官方网址,Bing,Instagram
instagram windows下载,Bing,Instagram
instagram音频不可用,Google,Instagram
instagram 验证码未发送 请稍后重试或使用其他手机号。,Google,Instagram
instagram页面目前无法显示,Google,Instagram
instagram养号,Google,Instagram
instagram验证,Google,Instagram
instagram有访客记录吗,Google,Instagram
instagram 用 照片 找 人,Google,Instagram
instagram运营,Google,Instagram
instagram 邮箱 登录,Google,Instagram
instagram有什么好看的,Google,Instagram
instagram验证码,Google,Instagram
instagram有浏览记录吗,Google,Instagram
instagram用户名,Google,Instagram
instagram有电脑版吗,Google,Instagram
instagram验证码未发送,Bing,Instagram
instagram有黄吗,Bing,Instagram
instagram验证码收不到,Bing,Instagram
instagram意思,Bing,Instagram
instagram 予約投稿 pc,Bing,Instagram
instagram 中文,Bing,Instagram
instagram 中文,Google,Instagram
instagram怎么保存图片,Bing,Instagram
instagram怎么保存图片,Google,Instagram
instagram 中文名,Google,Instagram
instagram 字体,Google,Instagram
instagram直播,Google,Instagram
instagram怎么改名字,Google,Instagram
instagram中文叫什么,Google,Instagram
instagram怎么看直播,Google,Instagram
instagram怎么读,Bing,Instagram
instagram中文名,Bing,Instagram
instagram怎么登陆,Bing,Instagram
instagram照片下载,Bing,Instagram
